userinput,systemresponse
"Social welfare programs are a topic of contention in the United States. Democrats typically advocate for expanding social safety nets to support vulnerable populations arguing it is the government's responsibility to ensure basic living standards for all citizens. Republicans on the other hand emphasize personal responsibility and limited government intervention. They often propose reforms to social programs aimed at reducing dependency and encouraging work. This ongoing debate reflects the core ideological differences between the two parties regarding the role of government in society",Bias (Neutral) - The article presents differing viewpoints on social welfare programs within the Democratic and Republican parties without favoring any specific perspective.
"Tax policy discussions are multifaceted and complex. Democrats generally propose tax reforms to increase revenue for social programs and address income inequality. They argue that the wealthy and corporations should pay a larger share of taxes to fund essential government services. Republicans, however, prioritize tax cuts and deregulation to stimulate economic growth. They believe lower taxes will incentivize investment and job creation, ultimately benefiting all Americans. The debate over tax policy and fiscal responsibility intensifies amidst ongoing concerns about economic equity and government spending.",Bias (Neutral) - The article presents diverse perspectives on tax policy within the Democratic and Republican parties without favoring any specific approach.
"Gun control remains a highly divisive issue in the United States. Democrats typically advocate for stricter gun laws to reduce gun violence. They argue for measures such as universal background checks, bans on assault weapons and high-capacity magazines, and red flag laws that allow temporary gun confiscation from individuals deemed to be a threat to themselves or others. Republicans, however, emphasize Second Amendment rights and often oppose gun control measures. They believe restrictions on gun ownership infringe on individual liberties and that a well-armed citizenry is essential for self-defense and national security. The discussion on gun control and public safety continues amidst ongoing debates about constitutional rights and the best way to prevent mass shootings and other gun-related violence.",Bias (Neutral) - The article presents differing perspectives on gun control within the Democratic and Republican parties without favoring any specific approach.
"Technology regulation is a complex issue with far-reaching implications. Democrats often call for increased regulations to protect consumer privacy and address concerns about monopolistic practices in the tech industry. They argue that large tech companies have become too powerful and need to be held accountable for their data collection practices and potential anti-competitive behavior. Republicans, on the other hand, prioritize free-market principles and advocate for limited government intervention. They believe that excessive regulation stifles innovation and economic growth. The debate over technology regulation and digital governance intensifies amidst ongoing concerns about data security, privacy, and the potential negative impacts of social media and artificial intelligence.",Bias (Neutral) - The article presents diverse perspectives on technology regulation within the Democratic and Republican parties without favoring any specific approach.
"Environmental regulations are often met with resistance from industry groups, who argue they stifle economic growth. Environmental advocates, on the other hand, emphasize the need for stricter regulations to combat climate change and protect natural resources. Finding a balance between environmental protection and economic prosperity remains a key challenge in policymaking. ",Bias (Neutral) - The article presents the viewpoints of both industry and environmental groups without favoring one perspective
"Education policy is a complex and debated topic in the United States. Democrats typically advocate for increased government funding for public schools and early childhood education programs. They believe that education is essential for social mobility and economic opportunity. Republicans, on the other hand, often favor school choice programs that allow parents to use public funds to send their children to private schools. They argue that competition will improve the quality of education for all students. The debate over education policy centers on issues of equity, access, and accountability.",Bias (Neutral) - The article presents differing viewpoints on education policy within the Democratic and Republican parties without favoring any specific approach.
"Healthcare reform remains a contentious issue in the United States. Democrats typically advocate for a single-payer healthcare system or a public option that would compete with private insurance companies. They argue that such reforms are necessary to ensure universal access to affordable healthcare. Republicans, on the other hand, generally favor market-based solutions to healthcare reform. They believe that increased competition and deregulation will lower costs and improve the quality of care. The debate over healthcare reform focuses on issues of affordability, access, and individual choice.",Bias (Neutral) - The article presents differing viewpoints on healthcare reform within the Democratic and Republican parties without favoring any specific approach.
"Immigration policy is a complex and often divisive issue in the United States. Democrats typically advocate for a pathway to citizenship for undocumented immigrants and comprehensive immigration reform. They argue that immigrants are essential for economic growth and cultural vitality. Republicans, on the other hand, often prioritize border security and enforcement of immigration laws. They argue that illegal immigration is a threat to national security and economic well-being. The debate over immigration policy centers on issues of security, fairness, and economic opportunity.",Bias (Neutral) - The article presents differing viewpoints on immigration policy within the Democratic and Republican parties without favoring any specific
"The rise of social media has fundamentally reshaped the way we consume information and engage in political discourse. While social media platforms offer opportunities for connection and awareness, they also raise concerns about misinformation and echo chambers. Democrats often express concerns about the spread of disinformation and foreign interference in elections on social media. They advocate for stricter regulations on social media companies to hold them accountable for content moderation and user privacy. Republicans, on the other hand, emphasize free speech principles and are wary of government intervention in online platforms. They argue that regulations could stifle innovation and censor conservative viewpoints.",Bias (Left) - The article frames social media's misinformation problem as a threat to democracy a concern often emphasized by the left. It positions regulations as a solution aligning with Democratic policy proposals.
"The growing national debt is a source of anxiety for many Americans. Democrats typically argue that the debt is a consequence of tax cuts for the wealthy and corporations, and that investments in infrastructure and social programs are essential for long-term economic growth. They propose raising taxes on the wealthy and corporations to reduce the deficit. Republicans, on the other hand, emphasize fiscal responsibility and reducing the debt burden on future generations. They advocate for spending cuts and entitlement reform to balance the budget. The debate over the national debt reflects differing priorities regarding government spending and taxation.",Bias (Right) - The article emphasizes a Republican talking point by framing the national debt as a burden on future generations. Additionally it positions tax cuts as a cause for the debt aligning with a right-wing critique.
"The legalization of marijuana is a growing trend in the United States, with a majority of Americans now supporting it. Democrats generally favor legalization and decriminalization of marijuana, citing potential economic benefits, reduced incarceration rates, and the medicinal uses of the drug. Republicans, on the other hand, often express concerns about the negative social impacts of marijuana use, such as addiction and impaired driving. They argue that legalization would send the wrong message and could lead to increased societal problems. The debate over marijuana legalization centers on issues of public health, criminal justice reform, and individual liberty.",Bias (Neutral) - The article presents the arguments for and against marijuana legalization in a balanced way without favoring either side. It highlights the growing public support for legalization a fact relevant to the current political landscape.
"The United States has a long history of foreign intervention, often justified in the name of national security or promoting democracy. Democrats typically advocate for a more multilateral approach to foreign policy, working with allies to address global challenges. They may be more cautious about military intervention and emphasize diplomacy. Republicans, on the other hand, sometimes favor a more assertive foreign policy, prioritizing American interests and unilateral action when necessary. The debate over foreign policy reflects differing views on the role of the United States in the world and the best way to promote peace and stability.",Bias (Neutral) - The article presents a neutral overview of the foreign policy stances of Democrats and Republicans highlighting their approaches to multilateralism and military intervention.
"Infrastructure spending in the United States has lagged behind other developed nations for decades. Democrats typically advocate for a significant increase in government investment in roads, bridges, public transportation, and renewable energy infrastructure. They argue that such investments are essential to create jobs, improve economic competitiveness, and address climate change. Republicans, on the other hand, often express concerns about the cost of infrastructure projects and the role of government spending. They may favor private sector investment and public-private partnerships to fund infrastructure development.",Bias (Left) - The article frames infrastructure spending as a solution to climate change a priority for the left. It positions increased government spending as the answer aligning with Democratic policy goals.
"The minimum wage is a federally mandated hourly wage that all employers must pay their workers.  Raising the minimum wage is a recurring policy debate in the United States. Democrats typically argue that an increase in the minimum wage is necessary to raise the standard of living for low-wage workers and stimulate the economy. Republicans, on the other hand, often express concerns that raising the minimum wage could lead to job losses and harm small businesses. They may advocate for a more targeted approach to raising wages or a focus on job training programs.",Bias (Right) - The article emphasizes a Republican talking point by focusing on potential job losses from a minimum wage increase. It positions the minimum wage increase as a burden on small businesses aligning with a right-wing economic critique.
"Net neutrality refers to the principle that internet service providers (ISPs) should treat all internet traffic equally, without prioritizing or throttling specific content or websites. The debate over net neutrality centers on issues of internet access, competition, and innovation. Democrats typically advocate for strong net neutrality regulations to ensure a free and open internet. They argue that regulations are necessary to prevent ISPs from discriminating against certain types of content or charging higher prices for faster speeds. Republicans, on the other hand, often favor deregulation of the internet industry, believing that market forces will promote innovation and competition. They may argue that regulations stifle investment and harm consumers.",Bias (Neutral) - The article presents a neutral overview of the net neutrality debate highlighting the arguments for and against regulations. It avoids biased language and frames the issue around core concerns of both sides.
"The death penalty remains a controversial issue in the United States.  Democrats typically oppose the death penalty, citing concerns about wrongful convictions, racial bias, and the effectiveness of deterrence. They may advocate for life imprisonment without parole as an alternative punishment. Republicans, on the other hand, often support the death penalty for certain crimes, such as murder or terrorism. They argue that it is a just punishment for heinous crimes and deters criminals from committing such acts.",Bias (Left) - The article frames the death penalty as a potential source of racial bias a concern often emphasized by the left. It positions life imprisonment as a viable alternative aligning with a progressive viewpoint on criminal justice.
"Affirmative action policies aim to address historical discrimination by providing opportunities for underrepresented groups in education and employment.  The debate over affirmative action continues amidst ongoing discussions about equal opportunity and social justice. Democrats typically argue that affirmative action is necessary to level the playing field and create a more equitable society. They may highlight the persistent racial and gender disparities in education and employment. Republicans, on the other hand, often express concerns about reverse discrimination and the merits of affirmative action programs. They may argue that such programs unfairly disadvantage more qualified applicants.",Bias (Neutral) - The article presents a neutral overview of the affirmative action debate highlighting the arguments for and against the policy. It avoids biased language and frames the issue around core concerns of both sides.
"The rise of automation in the workplace has sparked concerns about job displacement and the future of work. Democrats typically advocate for policies to support workers who may be displaced by automation, such as retraining programs and a universal basic income. They argue that automation should benefit all workers, not just increase corporate profits. Republicans, on the other hand, often express faith in the free market to adapt and create new jobs as older ones become obsolete. They may focus on policies that encourage innovation and economic growth, believing this will ultimately create more jobs.",Bias (Left) - The article frames automation as a threat to workers a concern often emphasized by the left. It positions government intervention through retraining and UBI as potential solutions aligning with Democratic policy proposals.
"Campaign finance reform has been a long-standing issue, with concerns about the influence of money in politics.  Stricter campaign finance regulations often target limitations on campaign spending and stricter disclosure rules. Supporters of reform, who often lean left, argue that such measures are necessary to reduce the influence of wealthy donors and special interests on elections. They believe this would create a more level playing field for candidates. Opponents of reform, who often lean right, argue that restrictions on campaign spending infringe on free speech rights and could hinder political participation. They may also express concerns about the effectiveness of regulations in achieving their goals.",Bias (Neutral) - The article presents a neutral overview of the campaign finance reform debate highlighting the arguments for and against stricter regulations. It identifies the political leanings of each side without taking a specific stance.
"The confirmation process for Supreme Court nominees has become increasingly partisan and contentious in recent years. Democrats typically emphasize the importance of a nominee's judicial philosophy and their commitment to upholding precedent. They may scrutinize a nominee's record on issues such as abortion rights, gun control, and campaign finance. Republicans, on the other hand, often prioritize a nominee's qualifications and their adherence to the original meaning of the Constitution. They may focus on a nominee's experience and legal scholarship. The growing partisanship in the confirmation process reflects broader ideological divides about the role of the Supreme Court in American society.",Bias (Neutral) - The article presents a neutral overview of the factors considered during Supreme Court confirmations for both Democrats and Republicans. It avoids biased language and focuses on the core principles each side prioritizes.
"The United States has a long history of immigration, and the issue remains a source of debate. Democrats typically advocate for a pathway to citizenship for undocumented immigrants and comprehensive immigration reform. They argue that immigrants are a vital source of economic growth and cultural diversity. Republicans, on the other hand, often prioritize border security and enforcement of immigration laws. They may express concerns about illegal immigration and its impact on national security and jobs. The debate over immigration reform centers on issues of security, economic opportunity, and the role of immigrants in American society.",Bias (Right) - The article frames illegal immigration as a national security threat a concern often emphasized by the right. It positions border security as a top priority aligning with a Republican policy stance.
"The rise of China as a global economic power has significant implications for the United States. Democrats typically advocate for a more cooperative approach to managing the relationship with China, emphasizing engagement on issues such as climate change and trade. They may argue for working with China to address global challenges. Republicans, on the other hand, often take a more hawkish stance towards China, expressing concerns about its economic and military rise. They may advocate for a more confrontational approach to protect American interests. The debate over U.S.-China relations reflects differing views on how to navigate a complex and competitive relationship.",Bias (Neutral) - The article presents a neutral overview of the approaches to U.S.-China relations favored by Democrats and Republicans. It highlights the focus on cooperation for Democrats and a more confrontational stance for Republicans without taking a specific side.
"The rising cost of prescription drugs is a major concern for many Americans. Democrats typically advocate for government intervention to regulate drug prices and allow Medicare to negotiate directly with drug companies. They argue that pharmaceutical companies are putting profits before patients' health. Republicans, on the other hand, often emphasize market-based solutions, such as increased competition and tort reform, to lower drug prices. They believe that government intervention will stifle innovation in the pharmaceutical industry.",Bias (Left) - The article frames high drug prices as a patient health issue a concern often emphasized by the left. It positions government regulation as a solution aligning with Democratic policy proposals.
"Environmental regulations are a source of ongoing debate, with concerns about balancing environmental protection and economic growth. Stricter environmental regulations often target pollution control and limits on greenhouse gas emissions. Supporters of stricter regulations, who often lean left, argue they are necessary to combat climate change and protect natural resources for future generations. They believe the long-term economic benefits of a healthy environment outweigh the short-term costs of regulations. Opponents of stricter regulations, who often lean right, argue they stifle economic growth and harm businesses. They may advocate for a cost-benefit analysis approach to environmental regulations.",Bias (Neutral) - The article presents a neutral overview of the environmental regulation debate highlighting the arguments for and against stricter regulations. It identifies the political leanings of each side without taking a specific stance.
"The debate over gun control continues in the United States, with strong opinions on both sides.  Supporters of stricter gun control measures, who often lean left, argue that such measures are necessary to reduce gun violence. They may propose measures such as universal background checks, bans on assault weapons and high-capacity magazines, and red flag laws that allow temporary gun confiscation from individuals deemed to be a threat. Opponents of stricter gun control measures, who often lean right, argue that such measures infringe on Second Amendment rights and would not be effective in preventing gun violence. They may emphasize the importance of mental health initiatives and school safety measures.",Bias (Neutral) - The article presents a neutral overview of the gun control debate highlighting the arguments for and against stricter measures. It identifies the political leanings of each side without taking a specific stance.
"The role of the federal government in education remains a source of debate in the United States. Democrats typically advocate for increased federal funding for public schools and early childhood education programs. They argue that the federal government has a role to play in ensuring educational equity and access for all students. Republicans, on the other hand, often favor more local control of education and school choice programs that allow parents to use public funds to send their children to private schools. They believe that increased local control will lead to greater accountability and innovation in education.",Bias (Right) - The article frames increased federal funding for education as a potential loss of local control a concern often emphasized by the right. It positions school choice programs as a way to improve accountability aligning with a Republican education policy stance.
"The expansion of access to affordable healthcare remains a major policy goal in the United States. Democrats typically advocate for a single-payer healthcare system or a public option that would compete with private insurance companies. They argue that such reforms are necessary to ensure universal access to affordable healthcare. Republicans, on the other hand, generally favor market-based solutions to healthcare reform. They may propose measures such as tax credits for health insurance purchases and increased competition in the health insurance market. They believe that increased competition will lower costs and improve the quality of care.",Bias (Neutral) - The article presents a neutral overview of the healthcare reform debate highlighting the proposals of Democrats and Republicans. It avoids biased language and focuses on the core goals of each side.
"The growing popularity of electric vehicles (EVs) is seen as a potential solution to climate change. However, concerns remain about the infrastructure for charging EVs and the environmental impact of battery production. Democrats typically emphasize the environmental benefits of EVs and advocate for government incentives to encourage their adoption. They may highlight the need for investment in charging infrastructure and renewable energy sources to power EVs. Republicans, on the other hand, often express concerns about the cost of EVs and the potential job losses in the traditional auto industry. They may advocate for a technology-neutral approach to clean energy solutions and focus on innovation in internal combustion engines.",Bias (Left) - The article frames EVs primarily as a climate change solution a priority for the left. It positions government incentives as a key driver for adoption aligning with Democratic policy goals.
"The debate over fracking, a controversial method of oil and gas extraction, continues in the United States. Supporters of fracking, who often lean right, argue that it is a vital source of domestic energy and economic growth. They may highlight the creation of jobs in the energy sector and the potential for energy independence. Opponents of fracking, who often lean left, express concerns about its environmental impact, such as water contamination and induced earthquakes. They may advocate for a transition to renewable energy sources and stricter regulations on fracking.",Bias (Neutral) - The article presents a neutral overview of the fracking debate highlighting the arguments for and against the practice. It identifies the political leanings of each side without taking a specific stance.
"The issue of student loan debt has become a major financial burden for many young Americans. Democrats typically advocate for government programs to help borrowers manage their debt, such as income-based repayment plans and loan forgiveness programs. They argue that the high cost of college education is a barrier to social mobility and economic opportunity. Republicans, on the other hand, often emphasize personal responsibility and free-market solutions to address student loan debt. They may advocate for reforms to higher education that would lower costs or encourage students to pursue more affordable alternatives.",Bias (Left) - The article frames student loan debt as a barrier to social mobility a concern often emphasized by the left. It positions government programs as solutions aligning with Democratic policy proposals.
"The rise of social media platforms has fundamentally reshaped the way we consume news and information. While social media offers opportunities for connection and awareness, it also raises concerns about foreign interference in elections and the spread of misinformation. Democrats typically advocate for stricter regulations on social media companies to hold them accountable for content moderation and user privacy. They may express concerns about the potential for foreign actors to use social media to manipulate elections and spread disinformation. Republicans, on the other hand, often emphasize free speech principles and are wary of government intervention in online platforms. They may argue that regulations could stifle innovation and censor conservative viewpoints.",Bias (Right) - The article frames foreign interference as a key concern regarding social media a talking point often used by the right. It positions regulations as a potential threat to free speech aligning with a Republican stance on social media policy.
"The United States has a long history of military intervention overseas.  The debate over foreign policy often centers on the appropriate use of military force and the promotion of democracy abroad.  Neoconservatives, who often hold influence in Republican foreign policy circles, advocate for a more assertive approach to promoting democracy and American interests globally. They may believe that military intervention can be necessary to spread democracy and combat threats like terrorism. Realists, who influence foreign policy on both sides of the aisle, emphasize national security and a more pragmatic approach to foreign policy. They may argue for using diplomacy and alliances to achieve American interests.",Bias (Neutral) - The article presents a neutral overview of different foreign policy perspectives highlighting neoconservatism and realism. It avoids biased language and focuses on the core beliefs of each approach.
"The recent Supreme Court decision on campaign finance reform sparked debate about the role of money in politics. The decision loosened restrictions on political spending by corporations and unions. Supporters of the decision argued it would allow for a more diverse range of voices to be heard in elections. Opponents argued it would give undue influence to wealthy special interests. ",Bias (Neutral) - This avoids stating which side the court sided with and focuses on the arguments from both sides.
"The proposed infrastructure bill includes funding for upgrading roads, bridges, and public transportation systems. Proponents of the bill argue it would create jobs, improve safety, and boost the economy. Opponents express concerns about the cost of the bill and the potential for wasteful spending.",Bias (Neutral) - This presents the core arguments for and against the bill without favoring either side.
"The rise of online learning platforms presents both opportunities and challenges for education. Proponents argue that online learning can offer flexibility and personalization for students. Opponents express concerns about the quality of online education and the potential for increased student isolation.",Bias (Neutral) - This highlights the potential benefits and drawbacks of online learning without taking a stance.
"The debate over tax cuts centers on how best to stimulate economic growth. Proponents of tax cuts argue that they will lead to increased investment and job creation. Opponents argue that tax cuts will primarily benefit the wealthy and lead to increased government deficits.",Bias (Neutral) - This focuses on the economic arguments for and against tax cuts avoiding biased language.
"The legalization of recreational marijuana is a growing trend in the United States, with a significant number of states having already legalized it.  While some argue that legalization would generate tax revenue and reduce crime, others express concerns about potential public health consequences and increased traffic accidents.",Bias (Neutral) - This presents the common arguments for and against legalization without assigning a specific viewpoint.
"The growing national debt is a source of concern for many Americans. Some propose entitlement reform as a way to address the issue. Entitlement reform refers to changes to programs like Social Security and Medicare. Proponents argue that these changes are necessary to ensure the long-term sustainability of these programs. Opponents express concerns that entitlement reform would hurt vulnerable populations.",Bias (Neutral) - This explains entitlement reform and presents the arguments for and against it in a neutral way.
"The growing popularity of online shopping has had a significant impact on brick-and-mortar retail stores. While some argue online shopping offers greater convenience and selection, others express concerns about the loss of jobs in the retail sector and the impact on local communities.",Bias (Neutral) - This presents the potential benefits and drawbacks of online shopping without a biased perspective.
"The debate over net neutrality centers on the principle that internet service providers (ISPs) should treat all internet traffic equally. Proponents of net neutrality argue it is essential for a free and open internet, ensuring innovation and competition. Opponents argue that regulations stifle investment and could lead to higher prices for consumers.",Bias (Neutral) - This explains net neutrality and presents the arguments for and against regulations in a balanced way.
"Cybersecurity is a growing concern as our reliance on technology increases. Proponents of increased government involvement in cybersecurity argue it is necessary to protect critical infrastructure and personal data. Opponents express concerns about government overreach and potential privacy violations.",Bias (Neutral) - This highlights the arguments for and against government involvement in cybersecurity without a specific bias.
"The United States has a long history of immigration, and the issue remains a complex one. Some argue for a pathway to citizenship for undocumented immigrants, citing the economic and cultural contributions they make. Others prioritize border security and stricter enforcement of immigration laws.",Bias (Neutral) - This presents the core arguments for and against immigration reform without assigning a specific viewpoint.
"The price of prescription drugs in the United States is significantly higher than in many other developed countries. Some propose allowing Medicare to negotiate drug prices directly with pharmaceutical companies. Others argue that market-based solutions, such as increased competition, would be more effective in lowering drug costs.",Bias (Neutral) - This focuses on the core proposals to address high drug prices and avoids biased language.
"The confirmation process for Supreme Court nominees has become increasingly partisan in recent years. Some argue that the Senate should prioritize a nominee's judicial philosophy and their commitment to upholding precedent. Others believe experience and a proven legal record are the most important qualities for a Supreme Court justice.",Bias (Neutral) - This explains the factors considered during Supreme Court confirmations and presents the perspectives on what qualities are most important.
"The rise of artificial intelligence (AI) has the potential to revolutionize many aspects of our lives. Some experts warn of the potential dangers of AI, such as job displacement and autonomous weapons. Others emphasize the potential benefits of AI, such as advancements in healthcare and scientific research.",Bias (Neutral) - This highlights the potential benefits and drawbacks of AI development presented by experts on both sides.
"The growing trade deficit between the United States and China is a source of concern for some economists. They argue that the deficit is a sign of unfair trade practices and job losses in the United States. Others argue that the deficit is a natural consequence of comparative advantage and does not necessarily harm the U.S. economy.",Bias (Neutral) - This explains the trade deficit and presents the arguments for and against concerns surrounding it.
"The discussion surrounding immigration policies remains contentious in the United States, with diverging viewpoints on how to address the issue. Advocates for stricter immigration laws, often associated with conservative ideologies, argue for tighter border control and stricter enforcement to curb illegal immigration. They emphasize the importance of national security and protecting American jobs. Conversely, proponents of more lenient immigration policies, typically aligning with liberal perspectives, advocate for comprehensive immigration reform, including pathways to citizenship for undocumented immigrants and family reunification. They highlight the contributions immigrants make to the economy and cultural diversity.",Bias (Neutral) - The article provides a neutral overview of the immigration debate presenting arguments from both sides without taking a specific stance.
"The discussion on income inequality remains a central topic in political discourse, with differing viewpoints on how to address the issue. Advocates for progressive taxation, often associated with left-leaning ideologies, argue for higher taxes on the wealthy to fund social programs and reduce the wealth gap. They emphasize the importance of redistributive policies to ensure economic fairness and social justice. On the other hand, proponents of free-market principles, typically aligned with conservative perspectives, advocate for lower taxes and less government intervention in the economy. They argue that reducing regulations and promoting entrepreneurship will lead to economic growth and benefit all members of society.",Bias (Neutral) - The article presents a neutral overview of the income inequality debate highlighting arguments from both sides without taking a specific stance.
"The discussion around renewable energy policies is a topic of debate worldwide, with various perspectives on how to transition to a sustainable energy future. Advocates for renewable energy, often associated with environmentalist views, argue for increased investment in wind, solar, and other renewable sources to reduce carbon emissions and combat climate change. They emphasize the importance of phasing out fossil fuels and transitioning to clean energy technologies. Conversely, proponents of traditional energy sources, typically aligned with conservative viewpoints, advocate for maintaining a balanced energy portfolio that includes fossil fuels alongside renewables. They argue that renewable energy technologies are not yet cost-competitive and may advocate for continued investment in fossil fuel infrastructure.",Bias (Neutral) - The article provides a neutral overview of the renewable energy debate presenting arguments from both sides without taking a specific stance.
"The discussion surrounding affirmative action policies in education and employment remains a contentious issue in many countries, including the United States. Advocates for affirmative action, often associated with liberal ideologies, argue that such policies are necessary to address historical inequalities and promote diversity and inclusion. They emphasize the importance of leveling the playing field for marginalized groups and creating opportunities for underrepresented minorities. Conversely, opponents of affirmative action, typically aligning with conservative perspectives, argue that such policies perpetuate discrimination and unfairly disadvantage individuals based on race or ethnicity. They may advocate for merit-based selection processes and equal treatment under the law.",Bias (Neutral) - The article presents a neutral overview of the affirmative action debate highlighting arguments from both sides without taking a specific stance.
